id,category,created_at
e9f0e0ee-4feb-4ad0-ae5d-19f4084d3429,ceremony,2026-07-04T13:50:42Z
5519d486-05a5-4b33-a15b-a9c44ba5a88f,ceremony,2026-07-04T13:50:43Z
460ecff4-9733-4da0-8ced-0330e2e1433e,ceremony,2026-07-04T13:50:45Z
840805e1-f32a-4699-b754-29543cb93721,ceremony,2026-07-04T13:50:46Z
24f5f0a9-1e0a-4e90-9f72-1624921534d0,ceremony,2026-07-04T13:50:47Z
edc7545f-2aaf-4409-83de-6f3a98222315,ceremony,2026-07-04T13:50:48Z
f144fec9-dda6-42c2-beba-1db21831b45a,ceremony,2026-07-04T13:50:49Z
c116b679-fbc3-415d-b8f4-0c3bd79ff31b,dances,2026-07-04T13:50:50Z
05769e6d-34c0-48f3-897b-01158b85eec6,ceremony,2026-07-04T13:50:52Z
0e3e3603-2b3f-4c54-ba6d-03c367ccb269,ceremony,2026-07-04T13:50:53Z
71665aa3-81db-442d-bbb4-b9a16ce8d81b,ceremony,2026-07-04T13:50:54Z
dcba76b6-0c0c-40cc-a9e6-9343df820790,ceremony,2026-07-04T13:50:55Z
74077c26-b3d8-4ece-89d7-9aebf212172e,ceremony,2026-07-04T13:50:56Z
22b961a1-84c9-47a9-b8e8-969f2c4e4c29,ceremony,2026-07-04T13:50:57Z
f3072cc6-cc18-4f52-ac81-41eca0c23246,ceremony,2026-07-04T13:50:58Z
6645e2dc-0140-4b38-b1df-aec33ce9142a,ceremony,2026-07-04T13:50:59Z
c7de527c-5f80-4069-8b86-22f367504432,ceremony,2026-07-04T13:51:01Z
cda1f922-10e4-43db-9bd1-e3b2a7609901,couple,2026-07-19T14:13:41Z
9368f886-2388-4154-827d-89b396696941,couple,2026-07-19T14:13:43Z
f607d6c6-dc3a-4636-b518-83bb8b6fd22e,couple,2026-07-19T14:13:45Z
acbc09c8-bfb6-4de7-b426-5e7e92e2747f,couple,2026-07-19T14:13:48Z
56c00816-6ae4-40e9-ab92-e52a34cf1921,couple,2026-07-19T14:13:50Z
f30e2a2a-5b1f-4c1c-9f99-86a6cee6389f,ceremony,2026-07-19T14:13:52Z
8cb9a140-1ece-4bde-b9e4-ff02965a88a8,couple,2026-07-19T14:13:53Z
54235d5e-8287-42a9-be34-ff81906d7576,couple,2026-07-19T14:13:55Z
d7f445c1-792a-4776-ae6c-1ad8a58733b7,couple,2026-07-19T14:13:56Z
328fb38f-c0a5-41d9-aa86-bd992b0e6c54,ceremony,2026-07-19T14:13:58Z
9ce6b9dc-7736-470d-8e08-c192c260ffa0,ceremony,2026-07-19T14:14:00Z
5203cc6c-d30c-4aea-a342-0be8bafd1ebb,ceremony,2026-07-19T14:14:02Z
bcceada6-17fb-4162-858c-2e7dee15e1d1,ceremony,2026-07-19T14:14:04Z
c375ce54-f8f1-43b4-b500-df66cbd08f73,ceremony,2026-07-19T14:14:06Z
3cad5155-880e-4c12-98ad-bb6ac602c69e,ceremony,2026-07-19T14:14:07Z
b818559b-6053-415d-8049-9032f25991d2,ceremony,2026-07-19T14:14:09Z
555b4223-2cb3-42b4-baa6-7911d7629d55,ceremony,2026-07-19T14:14:11Z
f2f0c63b-cdf6-4d4a-920e-0d2dbb84614f,ceremony,2026-07-19T14:14:13Z
